{"cameraMode":{"drawMode":0,"name":"Shaded","section":"Shading Mode"},"sceneLighting":false,"audioPlay":false,"sceneViewState":{"showFog":true,"showMaterialUpdate":true,"showSkybox":false,"showFlares":true,"showImageEffects":true,"showParticleSystems":true},"in2DMode":false,"pivot":{"x":33.44010925292969,"y":2.2697787284851076,"z":126.1067886352539},"rotation":{"x":0.32756131887435915,"y":-0.4478713572025299,"z":0.18065224587917329,"w":0.8120851516723633},"size":5.59168815612793,"orthographic":false}