{"cameraMode":{"drawMode":0,"name":"Shaded","section":"Shading Mode"},"sceneLighting":true,"audioPlay":false,"sceneViewState":{"showFog":true,"showMaterialUpdate":true,"showSkybox":false,"showFlares":true,"showImageEffects":true,"showParticleSystems":true},"in2DMode":false,"pivot":{"x":-35.05491638183594,"y":-1.2107577323913575,"z":102.73275756835938},"rotation":{"x":-0.03601730614900589,"y":-0.960132360458374,"z":0.23496100306510926,"w":-0.1471741944551468},"size":2.2766788005828859,"orthographic":false}