{"cameraMode":{"drawMode":0,"name":"Shaded","section":"Shading Mode"},"sceneLighting":false,"audioPlay":false,"sceneViewState":{"showFog":true,"showMaterialUpdate":true,"showSkybox":false,"showFlares":true,"showImageEffects":true,"showParticleSystems":true},"in2DMode":false,"pivot":{"x":29.723268508911134,"y":5.399173736572266,"z":74.03890991210938},"rotation":{"x":-0.028452053666114808,"y":-0.9713389873504639,"z":0.1767539530992508,"w":-0.15635842084884644},"size":51.47837829589844,"orthographic":false}