{"cameraMode":{"drawMode":0,"name":"Shaded","section":"Shading Mode"},"sceneLighting":false,"audioPlay":false,"sceneViewState":{"showFog":true,"showMaterialUpdate":true,"showSkybox":false,"showFlares":true,"showImageEffects":true,"showParticleSystems":true},"in2DMode":false,"pivot":{"x":38.65302276611328,"y":7.5927534103393559,"z":78.13855743408203},"rotation":{"x":-0.34554535150527956,"y":0.11251156777143479,"z":-0.041773516684770587,"w":-0.9306999444961548},"size":1.4313210248947144,"orthographic":false}