{"cameraMode":{"drawMode":0,"name":"Shaded","section":"Shading Mode"},"sceneLighting":false,"audioPlay":false,"sceneViewState":{"showFog":true,"showMaterialUpdate":true,"showSkybox":false,"showFlares":true,"showImageEffects":true,"showParticleSystems":true},"in2DMode":false,"pivot":{"x":13.492359161376954,"y":6.685657501220703,"z":90.32997131347656},"rotation":{"x":-0.2995896339416504,"y":-0.3094792068004608,"z":0.10341791808605194,"w":-0.8965323567390442},"size":8.803755760192871,"orthographic":false}