{"cameraMode":{"drawMode":0,"name":"Shaded","section":"Shading Mode"},"sceneLighting":false,"audioPlay":false,"sceneViewState":{"showFog":true,"showMaterialUpdate":false,"showSkybox":false,"showFlares":true,"showImageEffects":true,"showParticleSystems":true},"in2DMode":false,"pivot":{"x":1.034999966621399,"y":1.899999976158142,"z":0.5490000247955322},"rotation":{"x":0.14349588751792909,"y":-0.009795392863452435,"z":0.0014203718164935709,"w":0.9896018505096436},"size":0.2702086269855499,"orthographic":false}