{"cameraMode":{"drawMode":0,"name":"Shaded","section":"Shading Mode"},"sceneLighting":false,"audioPlay":false,"sceneViewState":{"showFog":true,"showMaterialUpdate":true,"showSkybox":false,"showFlares":true,"showImageEffects":true,"showParticleSystems":true},"in2DMode":false,"pivot":{"x":16.480010986328126,"y":9.041120529174805,"z":89.18881225585938},"rotation":{"x":0.23275122046470643,"y":-0.2666422426700592,"z":0.06652501225471497,"w":0.9329012632369995},"size":7.624458312988281,"orthographic":false}