{"cameraMode":{"drawMode":0,"name":"Shaded","section":"Shading Mode"},"sceneLighting":false,"audioPlay":false,"sceneViewState":{"showFog":true,"showMaterialUpdate":true,"showSkybox":false,"showFlares":true,"showImageEffects":true,"showParticleSystems":true},"in2DMode":false,"pivot":{"x":37.35201644897461,"y":17.861351013183595,"z":63.95553207397461},"rotation":{"x":-0.33668917417526247,"y":0.26355883479118349,"z":-0.09875378757715225,"w":-0.8985756039619446},"size":26.77187156677246,"orthographic":false}