{"cameraMode":{"drawMode":0,"name":"Shaded","section":"Shading Mode"},"sceneLighting":false,"audioPlay":false,"sceneViewState":{"showFog":true,"showMaterialUpdate":true,"showSkybox":false,"showFlares":true,"showImageEffects":true,"showParticleSystems":true},"in2DMode":false,"pivot":{"x":5.303231239318848,"y":-3.949138641357422,"z":-11.73320198059082},"rotation":{"x":-0.05466452240943909,"y":-0.9448259472846985,"z":0.2117774337530136,"w":-0.2438739687204361},"size":21.17691993713379,"orthographic":false}