{"cameraMode":{"drawMode":0,"name":"Shaded","section":"Shading Mode"},"sceneLighting":false,"audioPlay":false,"sceneViewState":{"showFog":true,"showMaterialUpdate":true,"showSkybox":false,"showFlares":true,"showImageEffects":true,"showParticleSystems":true},"in2DMode":false,"pivot":{"x":50.44581985473633,"y":-1.6351752281188965,"z":30.532320022583009},"rotation":{"x":-0.05466452240943909,"y":-0.9448259472846985,"z":0.2117774337530136,"w":-0.2438739687204361},"size":6.000401020050049,"orthographic":false}