{"cameraMode":{"drawMode":0,"name":"Shaded","section":"Shading Mode"},"sceneLighting":false,"audioPlay":false,"sceneViewState":{"showFog":true,"showMaterialUpdate":true,"showSkybox":false,"showFlares":true,"showImageEffects":true,"showParticleSystems":true},"in2DMode":false,"pivot":{"x":11.476372718811036,"y":8.161203384399414,"z":94.80414581298828},"rotation":{"x":0.22844508290290833,"y":-0.7528376579284668,"z":0.329446941614151,"w":0.5220335125923157},"size":4.8108978271484379,"orthographic":false}