{"cameraMode":{"drawMode":0,"name":"Shaded","section":"Shading Mode"},"sceneLighting":false,"audioPlay":false,"sceneViewState":{"showFog":true,"showMaterialUpdate":true,"showSkybox":false,"showFlares":true,"showImageEffects":true,"showParticleSystems":true},"in2DMode":false,"pivot":{"x":30.132871627807618,"y":-0.13393735885620118,"z":38.105865478515628},"rotation":{"x":0.15579447150230409,"y":-0.7869969010353088,"z":0.22111371159553529,"w":0.5545060038566589},"size":13.938340187072754,"orthographic":false}