{"cameraMode":{"drawMode":0,"name":"Shaded","section":"Shading Mode"},"sceneLighting":false,"audioPlay":false,"sceneViewState":{"showFog":true,"showMaterialUpdate":true,"showSkybox":false,"showFlares":true,"showImageEffects":true,"showParticleSystems":true},"in2DMode":false,"pivot":{"x":88.61165618896485,"y":5.15412712097168,"z":74.55813598632813},"rotation":{"x":0.07164611667394638,"y":0.8892868757247925,"z":-0.14944829046726228,"w":0.4262993037700653},"size":23.05031394958496,"orthographic":false}