{"cameraMode":{"drawMode":0,"name":"Shaded","section":"Shading Mode"},"sceneLighting":false,"audioPlay":false,"sceneViewState":{"showFog":true,"showMaterialUpdate":true,"showSkybox":false,"showFlares":true,"showImageEffects":true,"showParticleSystems":true},"in2DMode":false,"pivot":{"x":56.05485916137695,"y":7.964600086212158,"z":57.30351257324219},"rotation":{"x":-0.24746020138263703,"y":0.05724241957068443,"z":-0.014652566984295845,"w":-0.9671164751052856},"size":7.015252590179443,"orthographic":false}