{"cameraMode":{"drawMode":0,"name":"Shaded","section":"Shading Mode"},"sceneLighting":false,"audioPlay":false,"sceneViewState":{"showFog":true,"showMaterialUpdate":true,"showSkybox":false,"showFlares":true,"showImageEffects":true,"showParticleSystems":true},"in2DMode":false,"pivot":{"x":50.09806442260742,"y":6.568998336791992,"z":81.77452087402344},"rotation":{"x":-0.34554535150527956,"y":0.11251156777143479,"z":-0.041773516684770587,"w":-0.9306999444961548},"size":3.8410332202911379,"orthographic":false}