{"cameraMode":{"drawMode":0,"name":"Shaded","section":"Shading Mode"},"sceneLighting":false,"audioPlay":false,"sceneViewState":{"showFog":true,"showMaterialUpdate":true,"showSkybox":false,"showFlares":true,"showImageEffects":true,"showParticleSystems":true},"in2DMode":false,"pivot":{"x":95.62480926513672,"y":14.89153003692627,"z":56.69647216796875},"rotation":{"x":0.00033955875551328063,"y":0.9971930980682373,"z":-0.00448770122602582,"w":0.07494038343429566},"size":9.342083930969239,"orthographic":false}