{"cameraMode":{"drawMode":0,"name":"Shaded","section":"Shading Mode"},"sceneLighting":false,"audioPlay":false,"sceneViewState":{"showFog":true,"showMaterialUpdate":true,"showSkybox":false,"showFlares":true,"showImageEffects":true,"showParticleSystems":true},"in2DMode":false,"pivot":{"x":28.644546508789064,"y":9.391542434692383,"z":56.07307052612305},"rotation":{"x":-0.05401616916060448,"y":0.940328061580658,"z":-0.17840784788131715,"w":-0.2846967577934265},"size":6.566735744476318,"orthographic":false}