{"cameraMode":{"drawMode":0,"name":"Shaded","section":"Shading Mode"},"sceneLighting":false,"audioPlay":false,"sceneViewState":{"showFog":true,"showMaterialUpdate":true,"showSkybox":false,"showFlares":true,"showImageEffects":true,"showParticleSystems":true},"in2DMode":false,"pivot":{"x":85.20755004882813,"y":9.673113822937012,"z":39.980125427246097},"rotation":{"x":0.0020523732528090479,"y":0.9960746765136719,"z":-0.08537290245294571,"w":0.023920472711324693},"size":6.732284069061279,"orthographic":false}