{"cameraMode":{"drawMode":0,"name":"Shaded","section":"Shading Mode"},"sceneLighting":false,"audioPlay":false,"sceneViewState":{"showFog":true,"showMaterialUpdate":true,"showSkybox":false,"showFlares":true,"showImageEffects":true,"showParticleSystems":true},"in2DMode":false,"pivot":{"x":13.260040283203125,"y":-7.0200300216674809,"z":23.170272827148439},"rotation":{"x":0.23996601998806,"y":-0.5309170484542847,"z":0.159884974360466,"w":0.7968774437904358},"size":13.723761558532715,"orthographic":false}