{"cameraMode":{"drawMode":0,"name":"Shaded","section":"Shading Mode"},"sceneLighting":false,"audioPlay":false,"sceneViewState":{"showFog":true,"showMaterialUpdate":true,"showSkybox":false,"showFlares":true,"showImageEffects":true,"showParticleSystems":true},"in2DMode":false,"pivot":{"x":60.47386169433594,"y":6.964699745178223,"z":37.266502380371097},"rotation":{"x":-0.24746020138263703,"y":0.05724241957068443,"z":-0.014652566984295845,"w":-0.9671164751052856},"size":7.567406177520752,"orthographic":false}