{"cameraMode":{"drawMode":0,"name":"Shaded","section":"Shading Mode"},"sceneLighting":false,"audioPlay":false,"sceneViewState":{"showFog":true,"showMaterialUpdate":true,"showSkybox":false,"showFlares":true,"showImageEffects":true,"showParticleSystems":true},"in2DMode":false,"pivot":{"x":29.799999237060548,"y":0.10175006091594696,"z":130.2899932861328},"rotation":{"x":0.20215453207492829,"y":-0.6287496089935303,"z":0.174016535282135,"w":0.730452299118042},"size":5.100068092346191,"orthographic":false}