{"cameraMode":{"drawMode":0,"name":"Shaded","section":"Shading Mode"},"sceneLighting":false,"audioPlay":false,"sceneViewState":{"showFog":true,"showMaterialUpdate":true,"showSkybox":false,"showFlares":true,"showImageEffects":true,"showParticleSystems":true},"in2DMode":false,"pivot":{"x":23.799999237060548,"y":0.000010132789611816406,"z":124.28999328613281},"rotation":{"x":0.20215453207492829,"y":-0.6287496089935303,"z":0.174016535282135,"w":0.730452299118042},"size":5.099015712738037,"orthographic":false}