{"cameraMode":{"drawMode":0,"name":"Shaded","section":"Shading Mode"},"sceneLighting":false,"audioPlay":false,"sceneViewState":{"showFog":true,"showMaterialUpdate":true,"showSkybox":false,"showFlares":true,"showImageEffects":true,"showParticleSystems":true},"in2DMode":false,"pivot":{"x":48.389244079589847,"y":5.9652862548828129,"z":75.93651580810547},"rotation":{"x":-0.24746020138263703,"y":0.05724241957068443,"z":-0.014652566984295845,"w":-0.9671164751052856},"size":9.362188339233399,"orthographic":false}